district,Latitude,Longitude
Академический,55.6897377,37.5767712
Алексеевский,55.8148783,37.6506684
Алтуфьевский,55.880255,37.5816349
Арбат,55.751199,37.5898715
Аэропорт,55.8005039,37.5438641
Бабушкинский,55.8659576,37.6638944
Басманный,55.7672809,37.6697732
Беговой,55.7819165,37.5662996
Бескудниковский,55.8637386,37.5573217
Бибирево,55.8953187,37.6129889
Бирюлёво Восточное,55.5961213,37.6752547
Бирюлёво Западное,55.5879862,37.6363193
Богородское,55.81248878252205,37.704148449707006
Братеево,55.6359246,37.7619218
Бутырский,55.8137908,37.5929255
Вешняки,55.7274735,37.8248787
Внуково,56.3651669,37.58425
Войковский,55.819399,37.4938496
Восточное Дегунино,55.8829192,37.5577688
Восточное Измайлово,55.7965807,37.8218434
Восточный,55.8188903,37.8675117
Выхино-Жулебино,55.698397,37.8243321
Гагаринский,55.703459,37.5699407
Головинский,55.8475333,37.5067991
Гольяново,55.8184501,37.8072685
Даниловский,55.7072544,37.6435175
Дмитровский,55.8913196,37.5284649
Донской,55.7052265,37.6016374
Дорогомилово,55.7398697,37.5365271
Замоскворечье,55.7356637,37.6348669
Западное Дегунино,55.8732647,37.5181287
Зюзино,55.6531418,37.5867464
Зябликово,55.62181995674132,37.74283912440797
Ивановское,55.7700304,37.8258305
Измайлово,55.7966159,37.7841549
Капотня,55.6367482,37.7984857
Коньково,55.642605728036834,37.52598788997194
Коптево,55.8300649,37.5217381
Косино-Ухтомский,55.7137363,37.8884848
Котловка,55.67698220182439,37.59924438258668
Красносельский,55.7774472,37.6541598
Крылатское,55.7565949,37.4081393
Крюково,55.9763429,37.1596291
Кузьминки,55.7056021,37.7657844
Кунцево,55.7426325,37.3974723
Куркино,55.8936207,37.3887002
Левобережный,55.8650743,37.4691831
Лефортово,55.7573988,37.7049319
Лианозово,55.9001565,37.5662792
Ломоносовский,55.6799618,37.5332552
Лосиноостровский,55.8826072,37.6945401
Люблино,55.6756224,37.7619254
Марфино,55.8330416,37.5913447
Марьина Роща,55.7955156,37.616309
Марьино,55.6500377,37.7433056
Матушкино,56.0095351,37.1973782
Метрогородок,55.8249036,37.756955
Мещанский,55.779172,37.6279886
Митино,55.8457543,37.3622259
Можайский,55.7167137,37.4148645
Молжаниновский,55.9367237,37.3769255
Москворечье-Сабурово,55.6428651,37.6703469
Нагатино-Садовники,55.6746117,37.6454806
Нагатинский Затон,55.6754775,37.6810684
Нагорный,55.6703681,37.6163609
Некрасовка,55.6973427,37.9422701
Нижегородский,55.7299222,37.7164803
Ново-Переделкино,55.6461043,37.352684
Новогиреево,55.7487651,37.8061677
Новокосино,55.7398569,37.8603097
Обручевский,55.6641579,37.5203033
Орехово-Борисово Северное,55.619223,37.7011025
Орехово-Борисово Южное,55.603885,37.729895
Останкинский,55.8210768,37.619119
Отрадное,55.8646371,37.6044745
Очаково-Матвеевское,55.690291,37.4406611
Перово,55.751069,37.7531629
Печатники,55.6935214,37.7269124
Покровское-Стрешнево,55.8250254,37.4504006
Преображенское,55.7938235,37.7113174
Пресненский,55.7622146,37.5606576
Проспект Вернадского,55.6771999,37.5060872
Раменки,55.6975607,37.4985423
Ростокино,55.8350125,37.652476
Рязанский,55.7221834,37.7688303
Савёлки,55.9887972,37.2218808
Савёловский,55.7997689,37.5708333
Свиблово,55.8531049,37.6467906
Северное Бутово,55.5714094,37.5776237
Северное Измайлово,55.8067811,37.8033479
Северное Медведково,55.889663,37.6529265
Северное Тушино,55.8632245,37.4279373
Северный,55.9325397,37.5430356
Силино,56.0017567,37.1688978
Сокол,55.8050063,37.5056244
Соколиная Гора,55.7728247,37.7301442
Сокольники,55.7888112,37.6802722
Солнцево,55.6496916,37.3912177
Старое Крюково,55.9798892,37.1976931
Строгино,55.8036918,37.4031404
Таганский,55.7415723,37.6670626
Тверской,55.7691461,37.6088355
Текстильщики,55.7031811,37.7405918
Тёплый Стан,55.63180237920559,37.48118427058717
Тимирязевский,55.8258166,37.5577439
Тропарёво-Никулино,55.66371936521893,37.4819996621277
Филёвский Парк,55.7470546,37.4921813
Фили-Давыдково,55.7288995,37.4673379
Хамовники,55.729229,37.5729484
Ховрино,55.8693575,37.4887954
Хорошёво-Мнёвники,55.7787568,37.4800743
Хорошёвский,55.7789309,37.5271723
Царицыно,55.6265942,37.6670226
Черёмушки,55.6635403,37.5610662
Чертаново Северное,55.6330775,37.6052365
Чертаново Центральное,55.6151581,37.6032734
Чертаново Южное,55.5898352,37.5957481
Щукино,55.8005723,37.4730552
Южное Бутово,55.5412721,37.5325392
Южное Медведково,55.8748262,37.6338939
Южное Тушино,55.8438581,37.4315406
Южнопортовый,55.7196035,37.6736187
Якиманка,55.7383741,37.6169128
Ярославский,55.861432,37.6935724
Ясенево,55.6062621,37.5337476
Троицк,55.3534784,37.1788677
Щербинка,55.5069136,37.5673544
"""Мосрентген""",55.6187265,37.4692861
Внуковское,55.633132599999996,37.294017156052846
Вороновское,55.321132399999996,37.12198675784634
Воскресенское,56.1692547,35.4502598
Десёновское,55.5013688,37.36255545236347
Киевский,55.7431194,37.5654146728006
Клёновское,55.2946123,37.32399489042963
Кокошкино,55.5994442,37.1739822
Краснопахорское,55.41719285,37.27223249906711
Марушкинское,55.5947173,37.2189091
Михайлово-Ярцевское,55.40271185,37.15274403672149
Московский,55.6025502,37.348087
Новофёдоровское,55.43792585,36.99971817597381
Первомайское,55.9467516,36.5059077
Роговское,55.2290933,37.05519465465914
Рязановское,55.478723099999996,37.505779026145376
Сосенское,55.575209,37.4652734
Филимонковское,55.56884855,37.30956742236274
Щаповское,55.384577699999994,37.38527174994181
